{"cameraMode":{"drawMode":0,"name":"Shaded","section":"Shading Mode"},"sceneLighting":true,"audioPlay":false,"sceneViewState":{"showFog":true,"showMaterialUpdate":false,"showSkybox":true,"showFlares":true,"showImageEffects":true,"showParticleSystems":true},"in2DMode":false,"pivot":{"x":-3.1046133041381838,"y":4.431039333343506,"z":6.086057662963867},"rotation":{"x":0.06499273329973221,"y":0.8462565541267395,"z":-0.10617304593324661,"w":0.5180302858352661},"size":3.511610507965088,"orthographic":false}