{"cameraMode":{"drawMode":0,"name":"Shaded","section":"Shading Mode"},"sceneLighting":true,"audioPlay":false,"sceneViewState":{"showFog":true,"showMaterialUpdate":false,"showSkybox":true,"showFlares":true,"showImageEffects":true,"showParticleSystems":true},"in2DMode":false,"pivot":{"x":0.027271166443824769,"y":1.0391720533370972,"z":-7.402912616729736},"rotation":{"x":0.08854908496141434,"y":0.05674055218696594,"z":-0.0050525907427072529,"w":0.9944429397583008},"size":1.3303892612457276,"orthographic":false}