{"cameraMode":{"drawMode":0,"name":"Shaded","section":"Shading Mode"},"sceneLighting":true,"audioPlay":false,"sceneViewState":{"showFog":true,"showMaterialUpdate":false,"showSkybox":true,"showFlares":true,"showImageEffects":true,"showParticleSystems":true},"in2DMode":false,"pivot":{"x":-0.23372602462768556,"y":0.6936640739440918,"z":-0.13763833045959474},"rotation":{"x":-0.10452216118574143,"y":0.8651551604270935,"z":-0.20239664614200593,"w":-0.4467855393886566},"size":6.399997711181641,"orthographic":false}